{
    "user_based": {
        "rmse": 1.0193536815834319,
        "precision_at_5": 0.6767198581560284,
        "recall_at_5": 0.26704227335631125
    },
    "item_based": {
        "rmse": 1.0264295933767333,
        "precision_at_5": 0.31897163120567373,
        "recall_at_5": 0.1338566893797224
    }
}